<?xml version="1.0"?>
<Devices>
	<!-- Define some devices -->
	<Device type="custom" id="members">

	<Name>Life360 Circle Member</Name>
	<ConfigUI>
		<SupportURL>http-//forums.indigodomo.com/viewforum.php?f=xxx</SupportURL>

		<Field id="membername" type="menu">
                <Label>Life360 Member:</Label>
                <List class="self" method="get_member_list" dynamicReload="true"/>
                <CallbackMethod>menuChanged</CallbackMethod>
        </Field>
        <Field id="SupportsOnState" type="checkbox" defaultValue="false" hidden="true" />
		<Field id="SupportsSensorValue" type="checkbox" defaultValue="true" hidden="true" />
		<Field id="SupportsStatusRequest" type="checkbox" defaultValue="true" hidden="true" />
	</ConfigUI>
	<States>
		<State id="member_id">
			<ValueType>String</ValueType>
			<TriggerLabel>Member Id</TriggerLabel>
			<ControlPageLabel>Member Id</ControlPageLabel>
		</State>
		<State id="member_first_name">
			<ValueType>String</ValueType>
			<TriggerLabel>Member First Name</TriggerLabel>
			<ControlPageLabel>Member First Name</ControlPageLabel>
		</State>
		<State id="member_last_name">
			<ValueType>String</ValueType>
			<TriggerLabel>Member Last Name</TriggerLabel>
			<ControlPageLabel>Member Last Name</ControlPageLabel>
		</State>
		<State id="member_phone_num">
			<ValueType>String</ValueType>
			<TriggerLabel>Member Phone Number</TriggerLabel>
			<ControlPageLabel>Member Phone Number</ControlPageLabel>
		</State>
		<State id="member_email">
			<ValueType>String</ValueType>
			<TriggerLabel>Member Email Address</TriggerLabel>
			<ControlPageLabel>Member Email Address</ControlPageLabel>
		</State>
		<State id="member_avatar">
			<ValueType>String</ValueType>
			<TriggerLabel>Member Avatar</TriggerLabel>
			<ControlPageLabel>Member Avatar</ControlPageLabel>
		</State>
		<State id="member_360_location">
			<ValueType>String</ValueType>
			<TriggerLabel>Life 360 Location Name</TriggerLabel>
			<TriggerLabelPrefix>Life 360 Location Name Changed to</TriggerLabelPrefix>
			<ControlPageLabel>Life 360 Location Name</ControlPageLabel>
		</State>
		<State id="member_closest_address">
			<ValueType>String</ValueType>
			<TriggerLabel>Member Closest Address</TriggerLabel>
			<TriggerLabelPrefix>Closest Address Changed to</TriggerLabelPrefix>
			<ControlPageLabel>Member Closests Address</ControlPageLabel>
		</State>
		<State id="member_battery">
			<ValueType>Number</ValueType>
			<TriggerLabel>Member Battery Level</TriggerLabel>
			<TriggerLabelPrefix>Battery Level Changed to</TriggerLabelPrefix>
			<ControlPageLabel>Member Battery Level</ControlPageLabel>
		</State>
		<State id="member_battery_charging">
			<ValueType>Boolean</ValueType>
			<TriggerLabel>Member Battery Charging</TriggerLabel>
			<TriggerLabelPrefix>Battery Charging Changed to</TriggerLabelPrefix>
			<ControlPageLabel>Member Battery Charging</ControlPageLabel>
		</State>
		<State id="member_lat">
			<ValueType>String</ValueType>
			<TriggerLabel>Member Latitude</TriggerLabel>
			<TriggerLabelPrefix>Latitude Changed to</TriggerLabelPrefix>
			<ControlPageLabel>Member Latitude</ControlPageLabel>
		</State>
		<State id="member_long">
			<ValueType>String</ValueType>
			<TriggerLabel>Member Longitude</TriggerLabel>
			<TriggerLabelPrefix>Longitude Changed to</TriggerLabelPrefix>
			<ControlPageLabel>Member Longitude</ControlPageLabel>
		</State>
		<State id="last_api_update">
			<ValueType>String</ValueType>
			<TriggerLabel>Last Life360 API Update</TriggerLabel>
			<ControlPageLabel>Last Life360 API Update</ControlPageLabel>
		</State>

	</States>
	<UiDisplayStateId>member_360_location</UiDisplayStateId>
	</Device>
</Devices>